<?xml version="1.0" encoding="UTF-8" standalone="yes"?>
<app version="1">
  <name>WUP Installer - Mod Y - XSTATIONBR</name>
  <coder>Crediar, Dimok, Piratte, Yardape8000, Xstationbr</coder>
  <version>1.1</version>
  <release_date>20161023120000</release_date>
  <short_description>WiiU instalador de titulos publico.</short_description>
  <long_description>Este aplicativo pode instalar games, updates, DLC e Demos na sua memoria do sistema (NAND) ou em um HD formatado para o WiiU.
  </long_description>
</app>
